manufacturer,model,Model_Count,Depreciation_per_Mile,Est_Loss_Per_10k_Miles_USD,Model_Reliability_R2
acura,ilx,97.0,-0.08603312549820247,860.33,0.273
acura,ilx 2.0l sedan 4d,54.0,-0.04503787504004921,450.38,0.878
acura,ilx premium pkg sedan 4d,88.0,-0.16198068630668314,1619.81,0.654
acura,ilx sedan 4d,119.0,-0.12981354308624066,1298.14,0.569
acura,mdx,564.0,-0.05959742844049598,595.97,0.259
acura,mdx advance pkg sport,99.0,-0.2593561225502964,2593.56,0.931
acura,mdx sh-awd sport utility,464.0,-0.25985268614519963,2598.53,0.962
acura,mdx sh-awd w/technology,259.0,-0.2631018646167806,2631.02,0.48
acura,mdx sport utility 4d,135.0,-0.21582400539659533,2158.24,0.916
acura,mdx technology pkg sport,86.0,-0.42978420244592785,4297.84,0.948
acura,rdx,209.0,-0.12896915133941209,1289.69,0.482
acura,rdx advance pkg sport,83.0,-0.4942643112048732,4942.64,0.95
acura,rdx sh-awd a-spec pkg,80.0,-0.04582606321988536,458.26,0.793
acura,rdx sh-awd sport utility,84.0,-0.3349209790080738,3349.21,0.93
acura,rdx sport utility 4d,226.0,-0.1770364361364467,1770.36,0.713
acura,rdx technology pkg sport,121.0,-0.12135497918414193,1213.55,0.752
acura,rl,51.0,-0.0007141288983125467,7.14,0.133
acura,tl,346.0,-0.013594554197306931,135.95,0.113
acura,tl sedan 4d,55.0,-0.049893371515055115,498.93,0.798
acura,tlx,147.0,-0.12348426519163554,1234.84,0.29
acura,tlx 3.5 sedan 4d,55.0,-0.20808544957480138,2080.85,0.628
acura,tlx 3.5 w/technology pkg,88.0,-0.24277363685299644,2427.74,0.709
acura,tsx,189.0,-0.040506865902026075,405.07,0.096
acura,tsx sedan 4d,143.0,-0.07304645772689013,730.46,0.715
alfa-romeo,romeo giulia sedan 4d,119.0,-0.20304334185859876,2030.43,0.475
alfa-romeo,romeo giulia ti sedan 4d,77.0,-0.043614189176306425,436.14,0.081
alfa-romeo,romeo stelvio,54.0,-0.07991182683465624,799.12,0.134
alfa-romeo,romeo stelvio sport suv 4d,105.0,-0.12063496398059653,1206.35,0.547
alfa-romeo,romeo stelvio sport utility,56.0,-0.7764915406648887,7764.92,0.439
alfa-romeo,romeo stelvio ti sport,263.0,-0.01245409496280474,124.54,0.008
audi,a3,117.0,-0.12780715972454307,1278.07,0.58
audi,a4,528.0,-0.022614227466818182,226.14,0.095
audi,a4 allroad premium plus,97.0,-0.20050572815084614,2005.06,0.69
audi,a4 allroad premium wagon 4d,99.0,0.6138107416879768,-6138.11,1.0
audi,a4 ultra premium sedan 4d,106.0,-0.04984080493351655,498.41,0.083
audi,a5,118.0,-0.091343730443898,913.44,0.247
audi,a6,220.0,-0.16560721539496143,1656.07,0.529
audi,a6 2.0t premium plus sedan,186.0,-0.15749720790814092,1574.97,0.462
audi,a6 2.0t premium sedan 4d,134.0,-0.16407231930455166,1640.72,0.443
audi,a6 3.0t premium plus sedan,83.0,-0.07869328180899081,786.93,0.2
audi,a6 3.0t prestige sedan 4d,60.0,-0.35484314050601096,3548.43,0.834
audi,a6 45 tfsi premium plus,92.0,-0.7631226152418271,7631.23,1.0
audi,a7,103.0,-0.2949149218700658,2949.15,0.611
audi,q3,89.0,-0.16426190276454838,1642.62,0.349
audi,q5,338.0,-0.060623178526021955,606.23,0.189
audi,q5 3.0t premium plus sport,56.0,-0.22740975274840453,2274.1,0.977
audi,q5 premium sport utility 4d,184.0,-0.13095662089336638,1309.57,0.388
audi,q7,207.0,-0.15960459055510573,1596.05,0.272
audi,q8 premium sport utility 4d,153.0,0.23565241392874997,-2356.52,0.629
audi,s4,52.0,-0.2241322801077708,2241.32,0.561
audi,s5,80.0,-0.18237754858634697,1823.78,0.331
audi,s5 premium plus convertible,55.0,1.6557310285533278,-16557.31,-inf
audi,s5 premium plus coupe 2d,127.0,-0.23031614506219697,2303.16,0.56
audi,s5 premium plus sedan 4d,150.0,-0.32630700761914144,3263.07,0.821
audi,s5 prestige coupe 2d,89.0,-0.37163374100035096,3716.34,0.982
audi,tt,71.0,-0.15330761920458685,1533.08,0.575
bmw,1 series 128i coupe 2d,149.0,-0.07622918070066409,762.29,0.915
bmw,1 series 135i convertible 2d,79.0,-0.29326537024752936,2932.65,1.0
bmw,3 series,714.0,-0.1258872895337014,1258.87,0.445
bmw,3 series 328i xdrive,62.0,-0.08426115591445109,842.61,0.297
bmw,3 series 330i xdrive sedan,300.0,-0.3484507765898316,3484.51,0.639
bmw,3 series 340i sedan 4d,219.0,-0.1447029870312129,1447.03,0.761
bmw,3-series,171.0,-0.14389191632522116,1438.92,0.394
bmw,320i,79.0,-0.10670129360545955,1067.01,0.594
bmw,325i,85.0,-0.016569682603781555,165.7,0.147
bmw,328i,400.0,-0.009635376508967591,96.35,0.072
bmw,328i xdrive,52.0,-0.08220815412465188,822.08,0.368
bmw,328xi,73.0,-0.05569875383925038,556.99,0.044
bmw,330i,64.0,-0.12179664597814302,1217.97,0.379
bmw,335i,135.0,-0.09007705341935408,900.77,0.253
bmw,4 series,106.0,-0.15267538504187472,1526.75,0.165
bmw,4 series 430i convertible 2d,118.0,-0.1906676121962184,1906.68,0.94
bmw,4 series 440i xdrive gran,148.0,-0.23909482233457338,2390.95,1.0
bmw,5 series,494.0,-0.03002954943505596,300.3,0.101
bmw,5-series,52.0,-0.1431182746187568,1431.18,0.425
bmw,528i,157.0,-0.10082595019041578,1008.26,0.657
bmw,530i,66.0,-0.16532191438201324,1653.22,0.578
bmw,535i,138.0,-0.09260934043678716,926.09,0.352
bmw,6 series,53.0,-0.21120597183767645,2112.06,0.204
bmw,7 series,97.0,-0.152464922913695,1524.65,0.173
bmw,m3,72.0,-0.10375367084614742,1037.54,0.105
bmw,m3 convertible 2d,61.0,-0.13701758392327018,1370.18,1.0
bmw,m4,51.0,-0.5949626653627509,5949.63,0.884
bmw,x1,176.0,-0.13548304418925355,1354.83,0.343
bmw,x1 xdrive28i,59.0,-0.20092971117950206,2009.3,0.298
bmw,x3,397.0,-0.16096810707114337,1609.68,0.505
bmw,x3 sdrive30i sport utility,80.0,-0.27847515914194826,2784.75,0.845
bmw,x3 xdrive28i,90.0,-0.1371344703346575,1371.34,0.418
bmw,x3 xdrive30i sport utility,73.0,-0.2658381797758341,2658.38,0.689
bmw,x5,657.0,-0.06985521355251452,698.55,0.141
bmw,x5 xdrive35d sport utility,55.0,-0.2702205713072561,2702.21,0.726
bmw,x5 xdrive35i,91.0,-0.1793328769948407,1793.33,0.417
bmw,x5 xdrive35i sport utility,69.0,-0.2049300095657919,2049.3,0.72
bmw,x5 xdrive50i sport utility,87.0,-0.38370881057402406,3837.09,0.684
bmw,x6,69.0,-0.24627285364952012,2462.73,0.353
bmw,x6 xdrive35i sport utility,119.0,-0.19045090708391302,1904.51,0.289
bmw,z4,56.0,-0.10457973992467733,1045.8,0.491
bmw,z4 sdrive35is roadster 2d,97.0,0.7195295382923438,-7195.3,-0.0
buick,century,102.0,-0.02504510770163808,250.45,0.132
buick,enclave,432.0,-0.025127267333892936,251.27,0.121
buick,enclave avenir sport,101.0,-0.10138734206994125,1013.87,0.847
buick,enclave essence sport,213.0,-0.22250869096360537,2225.09,0.707
buick,enclave leather sport,116.0,-0.13250948484852504,1325.09,0.914
buick,enclave premium sport,147.0,-0.2690669319465244,2690.67,0.912
buick,encore,226.0,-0.017674959511762928,176.75,0.067
buick,encore gx essence sport,59.0,-0.023638472221266416,236.38,0.001
buick,encore gx select sport,219.0,-0.4939772957585829,4939.77,0.274
buick,lacrosse,281.0,-0.06340364551152704,634.04,0.319
buick,lesabre,127.0,-0.0002939647697844317,2.94,0.016
buick,lucerne,155.0,-0.03552060435721422,355.21,0.384
buick,regal,101.0,-0.0009409698317696665,9.41,0.031
buick,regal premium ii sedan 4d,85.0,-0.07901583270115942,790.16,0.662
buick,rendezvous,50.0,0.006237170763066964,-62.37,0.072
buick,verano,96.0,-0.03849477456882136,384.95,0.257
cadillac,ats,182.0,-0.05354806730904658,535.48,0.077
cadillac,ct5 premium luxury,240.0,-0.46435236918562894,4643.52,0.636
cadillac,cts,388.0,-0.09950425667146465,995.04,0.392
cadillac,cts 2.0 luxury sedan 4d,130.0,-0.1710595554147914,1710.6,0.592
cadillac,cts sedan 4d,85.0,-0.14132814855146877,1413.28,0.806
cadillac,deville,165.0,-0.00019345105652398366,1.93,0.001
cadillac,dts,179.0,-0.049407388910025656,494.07,0.424
cadillac,escalade,521.0,-0.26392139773151857,2639.21,0.537
cadillac,escalade esv,119.0,-0.25957521469696626,2595.75,0.598
cadillac,srx,363.0,-0.06442384326930715,644.24,0.239
cadillac,srx luxury collection,85.0,-0.17209590997772445,1720.96,0.558
cadillac,sts,65.0,-0.04077520817257228,407.75,0.356
cadillac,xt4 premium luxury,52.0,-0.15419884222184155,1541.99,0.164
cadillac,xt4 sport suv 4d,372.0,-0.32252033214647463,3225.2,0.491
cadillac,xt5,77.0,-0.10908527185400856,1090.85,0.099
cadillac,xt5 luxury sport,53.0,-0.12419853220350094,1241.99,0.28
cadillac,xt5 premium luxury,54.0,-0.44488400342993545,4448.84,0.802
cadillac,xts,118.0,-0.08457119066771793,845.71,0.208
chevrolet,avalanche,289.0,-0.03230871936481637,323.09,0.164
chevrolet,aveo,66.0,-0.025601974623437006,256.02,0.355
chevrolet,blazer,112.0,-0.02261835584630433,226.18,0.108
chevrolet,blazer 2lt sport,73.0,-0.20229193386542502,2022.92,0.708
chevrolet,c10,59.0,-0.06427086208462876,642.71,0.115
chevrolet,camaro,671.0,-0.09172352269405872,917.24,0.176
chevrolet,camaro lt coupe 2d,180.0,-0.1615637750677255,1615.64,0.565
chevrolet,camaro ss,58.0,-0.15636084389217222,1563.61,0.088
chevrolet,camaro ss convertible,51.0,-0.19783761892497614,1978.38,0.307
chevrolet,camaro ss coupe 2d,504.0,-0.2880887522003076,2880.89,0.478
chevrolet,cavalier,53.0,-0.0034981873425067194,34.98,0.015
chevrolet,cc4500,53.0,-0.29991431019708603,2999.14,1.0
chevrolet,cobalt,179.0,-0.009100118134181587,91.0,0.1
chevrolet,colorado,501.0,-0.14005158411768998,1400.52,0.505
chevrolet,colorado crew cab lt,108.0,-0.16278869193020545,1627.89,0.819
chevrolet,colorado crew cab work,104.0,-0.0987947046038338,987.95,1.0
chevrolet,colorado crew cab z71,196.0,-0.12320076630826565,1232.01,0.704
chevrolet,colorado extended cab,462.0,-0.09426286075940021,942.63,0.581
chevrolet,corvette,1199.0,-0.30312539326850346,3031.25,0.274
chevrolet,corvette convertible,105.0,-0.2361953561959777,2361.95,0.202
chevrolet,corvette coupe 2d,173.0,0.11804928001686067,-1180.49,0.18
chevrolet,corvette grand sport,476.0,-0.08063664050460276,806.37,0.367
chevrolet,corvette stingray,146.0,-0.38499965545437814,3850.0,0.341
chevrolet,corvette stingray z51,70.0,-0.2558232053996254,2558.23,0.16
chevrolet,cruze,923.0,-0.060166560441171774,601.67,0.343
chevrolet,cruze limited,118.0,-0.01925511463199267,192.55,0.072
chevrolet,cruze limited 1lt,145.0,-0.007788838249084012,77.89,0.093
chevrolet,cruze ls,84.0,-0.055291562364450556,552.92,0.315
chevrolet,cruze lt,215.0,-0.07205788603136147,720.58,0.452
chevrolet,cruze lt diesel,57.0,0.10962979286029169,-1096.3,1.0
chevrolet,el camino,86.0,-0.024709781216312853,247.1,0.087
chevrolet,equinox,1220.0,-0.07036518297556774,703.65,0.38
chevrolet,equinox ls,93.0,-0.010671870529449515,106.72,0.122
chevrolet,equinox lt,323.0,-0.07029278168711901,702.93,0.371
chevrolet,equinox lt awd,89.0,-0.10899915945593826,1089.99,0.568
chevrolet,express,192.0,-0.072520269177493,725.2,0.385
chevrolet,express 2500,75.0,-0.08451715940935575,845.17,0.574
chevrolet,express 3500,60.0,-0.08404605620838637,840.46,0.34
chevrolet,express cargo van,217.0,-0.09980427635104734,998.04,0.628
chevrolet,express commercial cutaway,90.0,0.0030358496533671,-30.36,0.001
chevrolet,express passenger,66.0,-0.053236233990526474,532.36,0.22
chevrolet,hhr,123.0,-0.019397353618898494,193.97,0.17
chevrolet,hhr lt,64.0,-0.017848654687543396,178.49,0.21
chevrolet,impala,1017.0,-0.01586077877282546,158.61,0.044
chevrolet,impala ls,105.0,-0.04187868070518761,418.79,0.322
chevrolet,impala lt,220.0,-0.05142872844480403,514.29,0.165
chevrolet,impala ltz,67.0,-0.05005070098876399,500.51,0.199
chevrolet,malibu,1018.0,-0.004644282030801052,46.44,0.032
chevrolet,malibu ls,134.0,-0.0881636305490966,881.64,0.558
chevrolet,malibu lt,222.0,-0.0646043588777363,646.04,0.45
chevrolet,monte carlo,50.0,-0.028340701459174226,283.41,0.053
chevrolet,s10 pickup,54.0,-0.029026697523197212,290.27,0.21
chevrolet,silverado,1946.0,-0.06712983097267938,671.3,0.2
chevrolet,silverado 1500,3465.0,-0.15072525821576233,1507.25,0.513
chevrolet,silverado 1500 crew,485.0,-0.2159760118549488,2159.76,0.753
chevrolet,silverado 1500 crew cab,100.0,-0.11241485805865747,1124.15,0.389
chevrolet,silverado 1500 double,496.0,-0.17344659839404353,1734.47,0.434
chevrolet,silverado 1500 ld,275.0,0.08115268860373606,-811.53,0.099
chevrolet,silverado 1500 lt,282.0,-0.13371338539990982,1337.13,0.413
chevrolet,silverado 1500 lt 4x4,169.0,-0.2124198713264424,2124.2,0.795
chevrolet,silverado 1500 ltz,88.0,-0.1911593506994249,1911.59,0.581
chevrolet,silverado 1500 regular,614.0,-0.05700424640581957,570.04,0.264
chevrolet,silverado 2500,106.0,-0.10593885763829707,1059.39,0.31
chevrolet,silverado 2500 hd,107.0,-0.12217169313553991,1221.72,0.605
chevrolet,silverado 2500 hd crew,230.0,-0.1337268279522032,1337.27,0.503
chevrolet,silverado 2500 hd crew cab,81.0,-0.041109543162953795,411.1,0.103
chevrolet,silverado 2500hd,1002.0,-0.14244612373098117,1424.46,0.389
chevrolet,silverado 2500hd 4x4,59.0,-0.1483411415220637,1483.41,0.43
chevrolet,silverado 3500,88.0,-0.03609723021679565,360.97,0.091
chevrolet,silverado 3500hd,286.0,-0.13774815012495095,1377.48,0.234
chevrolet,sonic,225.0,-0.01127641432686475,112.76,0.117
chevrolet,sonic lt,96.0,-0.043479174914053016,434.79,0.436
chevrolet,spark,238.0,-0.07813457631904488,781.35,0.582
chevrolet,spark activ hatchback,124.0,-0.1039794207200806,1039.79,0.944
chevrolet,spark ev 2lt hatchback,77.0,-0.04839197569125358,483.92,0.283
chevrolet,spark ls,57.0,-0.04762344026645343,476.23,0.291
chevrolet,suburban,702.0,-0.12710507053934442,1271.05,0.41
chevrolet,suburban 1500,77.0,-0.10089464445863729,1008.95,0.393
chevrolet,suburban lt,72.0,-0.1162629166157261,1162.63,0.355
chevrolet,tahoe,1029.0,-0.1379712350531421,1379.71,0.375
chevrolet,tahoe lt,164.0,-0.00253164908749323,25.32,0.015
chevrolet,tahoe lt sport utility,217.0,-0.3200677310036918,3200.68,0.781
chevrolet,tahoe ltz,76.0,-0.12048953393010879,1204.9,0.338
chevrolet,trailblazer,320.0,-0.05445041973687967,544.5,0.37
chevrolet,trailblazer ls,53.0,-0.08231378200435745,823.14,0.689
chevrolet,traverse,628.0,-0.10097200560228291,1009.72,0.334
chevrolet,traverse lt,113.0,-0.12471776822653034,1247.18,0.541
chevrolet,trax,159.0,-0.05962384961685874,596.24,0.228
chevrolet,trax ls sport utility,50.0,-0.08986607393250962,898.66,0.73
chevrolet,trax lt,74.0,-0.11152270455898514,1115.23,0.334
chevrolet,trax lt sport utility,214.0,-0.06639100335012857,663.91,0.629
chevrolet,volt,93.0,-0.07131934304647326,713.19,0.533
chrysler,200,530.0,-0.03782778413646334,378.28,0.122
chrysler,200 limited,69.0,-0.031144952495798087,311.45,0.071
chrysler,300,421.0,-0.10409920723633057,1040.99,0.375
chrysler,300 300s sedan 4d,64.0,-0.17967767826267478,1796.78,0.907
chrysler,300 limited sedan 4d,117.0,-0.075636628861759,756.37,0.762
chrysler,300 touring l sedan 4d,98.0,-0.11887394938004556,1188.74,0.839
chrysler,300-series,58.0,-0.10424218709675823,1042.42,0.441
chrysler,crossfire,51.0,-0.06037275856550706,603.73,0.49
chrysler,pacifica,216.0,-0.14376944099957326,1437.69,0.432
chrysler,pt cruiser,224.0,-0.018482962838252917,184.83,0.213
chrysler,sebring,134.0,-0.016542819734425975,165.43,0.207
chrysler,sebring convertible,64.0,-0.009934789559377427,99.35,0.065
chrysler,town & country,446.0,-0.028281653625178677,282.82,0.167
chrysler,town & country touring,75.0,-0.04248721573025145,424.87,0.329
chrysler,town and country,263.0,-0.04806667044062804,480.67,0.245
chrysler,town country,102.0,-0.07766774248547473,776.68,0.447
dodge,avenger,212.0,-0.029702377936475108,297.02,0.28
dodge,caliber,104.0,-0.02949368153296921,294.94,0.264
dodge,caravan,65.0,-0.056774064792511646,567.74,0.354
dodge,challenger,610.0,-0.14204753437667839,1420.48,0.184
dodge,challenger r/t coupe 2d,343.0,-0.19829222248190373,1982.92,0.732
dodge,challenger r/t scat pack,115.0,-0.23758006409511662,2375.8,0.603
dodge,challenger r/t shaker,57.0,-0.09920119781828844,992.01,0.994
dodge,challenger srt 392 coupe,64.0,-0.17521372495429174,1752.14,0.984
dodge,challenger srt8 coupe 2d,127.0,2.1189568944986896,-21189.57,-inf
dodge,challenger sxt,52.0,-0.22117197397532393,2211.72,0.691
dodge,charger,920.0,-0.14278094533880847,1427.81,0.31
dodge,charger gt sedan 4d,50.0,-0.1519849302931316,1519.85,0.798
dodge,charger r/t sedan 4d,60.0,-0.09903748433499587,990.37,0.16
dodge,charger sxt,66.0,-0.12682451634737976,1268.25,0.494
dodge,charger sxt sedan 4d,50.0,-0.10744462457227973,1074.45,0.658
dodge,dakota,247.0,-0.025858367411663547,258.58,0.136
dodge,dart,254.0,-0.029414234674810885,294.14,0.153
dodge,dart sxt,59.0,-0.027657036026777968,276.57,0.232
dodge,durango,518.0,-0.14481974533505929,1448.2,0.465
dodge,grand caravan,914.0,-0.08124690951635377,812.47,0.433
dodge,grand caravan passenger,50.0,-0.16035311945607106,1603.53,0.854
dodge,grand caravan se,104.0,-0.05920797525828879,592.08,0.35
dodge,grand caravan sxt,210.0,-0.09393447032513229,939.34,0.403
dodge,journey,473.0,-0.0722118534964118,722.12,0.372
dodge,journey sxt,64.0,-0.0780033535380732,780.03,0.541
dodge,nitro,92.0,-0.01681880671974894,168.19,0.003
fiat,124 spider classica,88.0,-0.01922954085449266,192.3,0.018
fiat,500,151.0,-0.06274053105575367,627.41,0.309
fiat,500 abarth hatchback 2d,97.0,-0.14189142638852084,1418.91,0.772
ford,bronco,86.0,-0.04290524523782411,429.05,0.062
ford,c-max hybrid,59.0,-0.053284385986079284,532.84,0.378
ford,c-max hybrid se wagon 4d,246.0,-0.04128927304069066,412.89,0.272
ford,crown victoria,120.0,-0.01906186930114204,190.62,0.109
ford,crown victoria police,58.0,-0.02220904206076566,222.09,0.135
ford,e-250,56.0,-0.048968871971588494,489.69,0.29
ford,e-350,137.0,-0.042236516449327674,422.37,0.374
ford,econoline,127.0,-0.06413832056444206,641.38,0.134
ford,econoline cargo van,161.0,-0.07511240806166507,751.12,0.323
ford,econoline commercial cutaway,104.0,-0.006967677385447069,69.68,0.018
ford,ecosport,84.0,-0.15122641498391498,1512.26,0.192
ford,ecosport se sport utility,59.0,-0.1014491192305163,1014.49,0.571
ford,edge,886.0,-0.09810090296560246,981.01,0.406
ford,edge sel,125.0,-0.010365149149753774,103.65,0.025
ford,edge sel awd,61.0,-0.14915500106591198,1491.55,0.822
ford,escape,1849.0,-0.05310378139837526,531.04,0.271
ford,escape limited,60.0,-0.002841262089962976,28.41,0.034
ford,escape se,193.0,-0.07386589661066768,738.66,0.402
ford,escape titanium,60.0,-0.07060642047297923,706.06,0.395
ford,escape xlt,201.0,-0.030483908874283518,304.84,0.394
ford,escape xlt 4x4,51.0,-0.030370535659239417,303.71,0.38
ford,excursion,101.0,-0.04828014799049261,482.8,0.094
ford,expedition,627.0,-0.1779649687185941,1779.65,0.556
ford,expedition eddie bauer,52.0,-0.0011187599824528322,11.19,0.013
ford,expedition el,104.0,-0.12831914872948097,1283.19,0.499
ford,expedition xlt,91.0,-0.1561773541268314,1561.77,0.575
ford,expedition xlt sport,313.0,-0.23724971143908385,2372.5,0.321
ford,explorer,1569.0,-0.13287249422650632,1328.72,0.56
ford,explorer 4x4,50.0,-0.051590823346711195,515.91,0.321
ford,explorer limited,80.0,-0.08909901361342243,890.99,0.308
ford,explorer sport,70.0,-0.21789822217878738,2178.98,0.727
ford,explorer sport trac,124.0,-0.05633204501063069,563.32,0.475
ford,explorer xlt,197.0,-0.008756104152522577,87.56,0.07
ford,explorer xlt 4x4,52.0,-0.17635415425829642,1763.54,0.706
ford,f-150,5435.0,-0.025141517094317844,251.42,0.076
ford,f-150 lariat,98.0,-0.18688407333184523,1868.84,0.548
ford,f-150 xl,77.0,-0.09097667173366075,909.77,0.3
ford,f-150 xlt,277.0,-0.12639299630849204,1263.93,0.334
ford,f-150 xlt 4x4,53.0,-0.15576132746973825,1557.61,0.697
ford,f-250,1106.0,-0.1347455729670569,1347.46,0.317
ford,f-250 sd,124.0,-0.08719787824422312,871.98,0.128
ford,f-250 super duty,362.0,-0.09199117064902071,919.91,0.253
ford,f-250sd,54.0,-0.06144208755349535,614.42,0.056
ford,f-350,763.0,-0.1660188536725209,1660.19,0.363
ford,f-350 sd,73.0,-0.12019555783593867,1201.96,0.239
ford,f-350 super duty,219.0,-0.03623245063757773,362.32,0.12
ford,f-450,75.0,-0.10588712166791489,1058.87,0.2
ford,f-550,108.0,-0.12719410175787724,1271.94,0.296
ford,f100,67.0,-0.03587087270097672,358.71,0.088
ford,f150,558.0,-0.08485178206465001,848.52,0.288
ford,f150 4x4,113.0,-0.07806293748139058,780.63,0.208
ford,f150 fx4,62.0,-0.08652881337804166,865.29,0.365
ford,f150 lariat,86.0,-0.15725820749028915,1572.58,0.556
ford,f150 regular cab,50.0,-0.09041253121307569,904.13,0.717
ford,f150 regular cab xl pickup,256.0,-0.1411506187327216,1411.51,0.056
ford,f150 regular cab xlt pickup,66.0,-0.618482560230132,6184.83,1.0
ford,f150 super cab,71.0,-0.12174105535877106,1217.41,0.644
ford,f150 super cab lariat,56.0,-0.08299306488754918,829.93,0.408
ford,f150 super cab xl pickup 4d,289.0,0.21873505738894533,-2187.35,0.208
ford,f150 super cab xlt pickup,252.0,-0.14754972835105415,1475.5,0.665
ford,f150 supercrew cab,245.0,-0.19125728175001377,1912.57,0.63
ford,f150 supercrew cab fx4,130.0,-0.12205376138821276,1220.54,0.629
ford,f150 supercrew cab lariat,122.0,-0.2022925970451142,2022.93,0.734
ford,f150 supercrew cab xl,136.0,-0.15066261844662399,1506.63,0.591
ford,f150 supercrew cab xlt,325.0,-0.15549876815025046,1554.99,0.65
ford,f150 xlt,156.0,-0.14605306801968382,1460.53,0.438
ford,f150 xlt 4x4,62.0,-0.1218799572941005,1218.8,0.457
ford,f150 xlt 4x4 1/2 ton gas,80.0,-0.21700966579980724,2170.1,0.732
ford,f150 xlt 4x4 half ton gas,76.0,-0.21403279415953225,2140.33,0.763
ford,f250,273.0,-0.01900965007842121,190.1,0.057
ford,f250 super duty,268.0,-0.10972986900762251,1097.3,0.317
ford,f250 super duty crew cab,203.0,-0.13748268229330188,1374.83,0.396
ford,f250 super duty regular cab,85.0,-0.124977360598237,1249.77,0.868
ford,f350,247.0,-0.023780469109034277,237.8,0.092
ford,f350 super duty,197.0,-0.023779765911543918,237.8,0.063
ford,f350 super duty crew cab,104.0,-0.21143075410113565,2114.31,0.628
ford,f450,59.0,-0.12931361679985617,1293.14,0.297
ford,f450 super duty,52.0,-0.016705715955029187,167.06,0.015
ford,f550,82.0,-0.09265437396947179,926.54,0.164
ford,fiesta,308.0,-0.048988348094994486,489.88,0.282
ford,fiesta se,96.0,-0.0623528347032562,623.53,0.372
ford,flex,305.0,-0.12471045189335878,1247.1,0.551
ford,focus,1197.0,-0.016275170070109098,162.75,0.106
ford,focus electric hatchback 4d,56.0,-0.08395720197175849,839.57,0.512
ford,focus se,384.0,-0.014448221390032564,144.48,0.152
ford,focus st,63.0,-0.04036106498370564,403.61,0.108
ford,focus st hatchback 4d,113.0,-0.11430669666814897,1143.07,0.906
ford,fusion,1198.0,-0.07631509546363084,763.15,0.44
ford,fusion hybrid,77.0,-0.016493915586338084,164.94,0.125
ford,fusion se,446.0,-0.0011645882064651527,11.65,0.013
ford,fusion sel,119.0,-0.06620668601130321,662.07,0.553
ford,lifted f150 xlt 4x4 1/2 ton,54.0,-0.19414882848797024,1941.49,0.822
ford,mustang,1479.0,-0.006738685832604551,67.39,0.021
ford,mustang convertible,71.0,-0.1023238327707569,1023.24,0.193
ford,mustang ecoboost,67.0,-0.25690543301056395,2569.05,0.417
ford,mustang gt,128.0,-0.018092039765845058,180.92,0.072
ford,mustang gt convertible,53.0,-0.012097318937615576,120.97,0.042
ford,mustang gt coupe 2d,477.0,-0.042347360909942525,423.47,0.224
ford,mustang gt premium,148.0,-0.2111566824454234,2111.57,0.63
ford,mustang gt premium coupe 2d,193.0,-0.10714101564380926,1071.41,0.144
ford,ranger,506.0,-0.07403025687473232,740.3,0.357
ford,ranger super cab xlt pickup,136.0,-0.38953450626501407,3895.35,1.0
ford,ranger supercab xl pickup,372.0,-0.08829993289611612,883.0,0.084
ford,ranger supercrew xl pickup,319.0,0.04837796319638324,-483.78,0.15
ford,ranger supercrew xlt pickup,116.0,-0.2533851063567965,2533.85,0.356
ford,ranger xlt,102.0,-0.08009011146524453,800.9,0.428
ford,super duty f-250,315.0,-0.09443815405804523,944.38,0.207
ford,super duty f-250 srw,355.0,-0.09810605657764893,981.06,0.116
ford,super duty f-350 drw,247.0,-0.1625447255979586,1625.45,0.283
ford,super duty f-350 srw,378.0,-0.2161723106055699,2161.72,0.39
ford,super duty f-450 drw,136.0,-0.06468694015149645,646.87,0.057
ford,super duty f-550 drw,296.0,-0.08842071004917282,884.21,0.168
ford,taurus,550.0,-0.05777729466730917,577.77,0.327
ford,taurus se,85.0,-0.04194651288557243,419.47,0.362
ford,taurus sel,79.0,-0.016089247554049304,160.89,0.071
ford,thunderbird,129.0,-0.015711627313980302,157.12,0.02
ford,transit,312.0,-0.12960151046469293,1296.02,0.45
ford,transit 150,59.0,-0.10318356226387308,1031.84,0.788
ford,transit cargo van,133.0,-0.16280411936758582,1628.04,0.647
ford,transit connect,241.0,-0.04330147403127755,433.01,0.358
ford,transit connect cargo,51.0,-0.037208696537797945,372.09,0.138
ford,transit connect passenger,53.0,-0.23223477228958878,2322.35,0.847
ford,transit van,93.0,-0.09227910017115856,922.79,0.636
gmc,acadia,593.0,-0.10188541260447498,1018.85,0.356
gmc,acadia sle-1 sport utility,63.0,-0.11862633217104036,1186.26,0.809
gmc,acadia sle-2 sport utility,132.0,-0.1316854922077863,1316.85,0.447
gmc,acadia slt,54.0,-0.1115868924915539,1115.87,0.392
gmc,canyon,97.0,-0.13176564095553933,1317.66,0.336
gmc,canyon crew cab sle pickup,103.0,-0.23935039412039893,2393.5,0.988
gmc,envoy,134.0,-0.019773409806538883,197.73,0.345
gmc,savana,70.0,-0.15125164594007917,1512.52,0.706
gmc,sierra,945.0,-0.16796546461956274,1679.65,0.368
gmc,sierra 1500,1068.0,-0.18347882835378887,1834.79,0.516
gmc,sierra 1500 crew cab,61.0,-0.20464322754396172,2046.43,0.674
gmc,sierra 1500 crew cab sle,85.0,-0.16077401998922672,1607.74,0.867
gmc,sierra 1500 crew cab slt,229.0,-0.20181014014644136,2018.1,0.557
gmc,sierra 1500 double cab,168.0,-0.10219133898347921,1021.91,0.894
gmc,sierra 1500 double cab sle,229.0,-0.13545185241153154,1354.52,0.265
gmc,sierra 1500 extended cab slt,260.0,-0.1125649521979777,1125.65,0.967
gmc,sierra 1500 regular cab,338.0,-0.07662565712239422,766.26,0.403
gmc,sierra 1500 regular cab work,63.0,0.433208393890716,-4332.08,-inf
gmc,sierra 1500 sle,80.0,-0.15550501461306002,1555.05,0.633
gmc,sierra 1500 slt,84.0,-0.18571177309588105,1857.12,0.55
gmc,sierra 2500 hd double cab,181.0,0.02998343677036879,-299.83,1.0
gmc,sierra 2500 hd extended cab,165.0,-0.33190549862426555,3319.05,0.966
gmc,sierra 2500hd,591.0,-0.1838457956094196,1838.46,0.341
gmc,sierra 2500hd denali,53.0,-0.15798254049474947,1579.83,0.257
gmc,sierra 3500hd,171.0,-0.1813200458648682,1813.2,0.436
gmc,terrain,478.0,-0.10602796158756482,1060.28,0.551
gmc,terrain sle sport utility 4d,51.0,-0.2000796522670828,2000.8,0.805
gmc,yukon,536.0,-0.0031278975227441914,31.28,0.014
gmc,yukon denali,179.0,-0.2079683120004815,2079.68,0.534
gmc,yukon slt,91.0,-0.14869676159390283,1486.97,0.445
gmc,yukon slt sport utility 4d,152.0,-0.2349701079766433,2349.7,0.871
gmc,yukon xl,285.0,-0.17754711277466567,1775.47,0.462
gmc,yukon xl denali,90.0,-0.2112849038727817,2112.85,0.591
honda,accord,2055.0,-0.001730623302883195,17.31,0.02
honda,accord ex,210.0,-0.05118645387573214,511.86,0.428
honda,accord ex-l,219.0,-0.06696456871416959,669.65,0.443
honda,accord lx,212.0,-0.050758496090921715,507.58,0.446
honda,accord lx sedan 4d,62.0,-0.11461348719049047,1146.13,0.794
honda,accord sdn,113.0,-0.04708513799423168,470.85,0.729
honda,accord sedan,117.0,-0.07113927562822965,711.39,0.341
honda,accord sport,71.0,-0.06840752097002889,684.08,0.231
honda,civic,1994.0,-0.07168251404564027,716.83,0.517
honda,civic ex,217.0,-0.030228005530487552,302.28,0.283
honda,civic ex sedan 4d,78.0,-0.15130339592511866,1513.03,0.922
honda,civic hybrid,61.0,-0.01695668952339869,169.57,0.159
honda,civic lx,321.0,-0.05440597218789151,544.06,0.537
honda,civic lx coupe 2d,111.0,-0.09815858631779398,981.59,0.871
honda,civic lx sedan 4d,72.0,-0.11975468619567446,1197.55,0.59
honda,civic sdn,80.0,-0.034631595855715416,346.32,0.381
honda,civic sedan,96.0,-0.09941791131412529,994.18,0.459
honda,civic si,96.0,-0.02225419402691957,222.54,0.21
honda,civic si coupe 2d,181.0,-0.14372976498007367,1437.3,0.93
honda,civic si sedan 4d,128.0,-0.13294171262353394,1329.42,0.859
honda,civic type r touring,96.0,-0.09067212767031697,906.72,0.712
honda,cr-v,1335.0,-0.10014007276309614,1001.4,0.624
honda,cr-v ex,124.0,-0.03532116619008527,353.21,0.235
honda,cr-v ex-l,147.0,-0.0880243012637677,880.24,0.471
honda,cr-v lx,75.0,-0.0007327241414430895,7.33,0.013
honda,crosstour ex-l sport,82.0,-0.044021580032655105,440.22,0.736
honda,crv,146.0,-0.06378106790428069,637.81,0.589
honda,crv ex,54.0,-0.06360910014394335,636.09,0.568
honda,element,154.0,-0.039060968177561745,390.61,0.391
honda,fit,388.0,-0.055528924720681355,555.29,0.582
honda,fit sport,59.0,-0.02598903886595491,259.89,0.267
honda,fit sport hatchback 4d,91.0,-0.12001425980372413,1200.14,0.781
honda,hr-v,92.0,-0.07523691123376067,752.37,0.119
honda,odyssey,1056.0,-0.0860698068773666,860.7,0.412
honda,odyssey ex,68.0,-0.02363992048295964,236.4,0.178
honda,odyssey ex-l,146.0,-0.08549322414346482,854.93,0.507
honda,odyssey exl,50.0,-0.09406694091683142,940.67,0.74
honda,pilot,758.0,-0.10781387004755293,1078.14,0.523
honda,pilot ex-l,114.0,-0.08967586643950873,896.76,0.457
honda,ridgeline,162.0,-0.15928542648547173,1592.85,0.776
honda,ridgeline sport pickup 4d,127.0,-0.13282231873389258,1328.22,0.643
hyundai,accent,265.0,-0.0005023919333858419,5.02,0.017
hyundai,accent se sedan 4d,87.0,-0.0999353568575989,999.35,0.7
hyundai,elantra,973.0,-0.0639024561161037,639.02,0.441
hyundai,elantra gls,89.0,-0.025810354695138503,258.1,0.21
hyundai,elantra gt,65.0,-0.01060177085726539,106.02,0.125
hyundai,elantra se,103.0,-0.037955574269242856,379.56,0.189
hyundai,genesis,148.0,-0.10892746384171823,1089.27,0.646
hyundai,genesis 3.8 sedan 4d,76.0,-0.09017303910026755,901.73,0.306
hyundai,genesis coupe 3.8 2d,79.0,-0.10921023222299275,1092.1,0.754
hyundai,kona,79.0,-0.10966764816940794,1096.68,0.126
hyundai,santa fe,522.0,-0.10189278121848737,1018.93,0.537
hyundai,santa fe limited,50.0,-0.13205175571094105,1320.52,0.688
hyundai,santa fe sport,186.0,-0.08756487461743023,875.65,0.537
hyundai,santa fe sport utility,70.0,-0.0908540350531147,908.54,0.829
hyundai,sonata,1073.0,-0.06328129908004172,632.81,0.384
hyundai,sonata gls,140.0,-0.031004601091290277,310.05,0.265
hyundai,sonata hybrid,77.0,-0.049908598087189754,499.09,0.435
hyundai,sonata plug-in hybrid,101.0,-0.09692738613322596,969.27,0.55
hyundai,sonata se,56.0,-0.08208221481821242,820.82,0.471
hyundai,sonata se sedan 4d,253.0,-0.16691819336874014,1669.18,0.5
hyundai,sonata sel sedan 4d,132.0,-0.13138864611910717,1313.89,0.358
hyundai,tucson,391.0,-0.10676732763323088,1067.67,0.67
hyundai,veloster,236.0,-0.0566898680834257,566.9,0.32
hyundai,veloster n coupe 3d,68.0,-0.2237757882546476,2237.76,0.502
infiniti,fx35,93.0,-0.050705431458182404,507.05,0.363
infiniti,g g37 sport coupe 2d,69.0,-0.18569609507640067,1856.96,0.958
infiniti,g35,142.0,-0.021187837112578153,211.88,0.162
infiniti,g37,119.0,-0.05039713070599016,503.97,0.314
infiniti,m35,55.0,-0.032411971883190546,324.12,0.284
infiniti,q50,145.0,-0.11469999622186408,1147.0,0.372
infiniti,q50 3.0t luxe sedan 4d,150.0,-0.3021440431376772,3021.44,0.185
infiniti,q50 3.0t sport sedan 4d,84.0,-0.20235063296747288,2023.51,0.296
infiniti,q60 3.0t luxe coupe 2d,60.0,-0.36480229048820983,3648.02,0.584
infiniti,q60 3.0t premium coupe,76.0,-0.06768886360106136,676.89,0.811
infiniti,q70 3.7 sedan 4d,51.0,-0.04049766760119458,404.98,0.391
infiniti,qx50 luxe sport utility,106.0,-0.26151505051691376,2615.15,0.608
infiniti,qx50 sport utility 4d,190.0,-0.09793900836296644,979.39,0.44
infiniti,qx56,116.0,-0.05058980748845292,505.9,0.14
infiniti,qx60,129.0,-0.11959231502707172,1195.92,0.459
infiniti,qx60 3.5 sport utility,303.0,-0.13847351793292884,1384.74,0.683
infiniti,qx60 luxe sport utility,164.0,-0.35083585586727867,3508.36,0.808
infiniti,qx60 pure sport utility,63.0,-0.24323050423999434,2432.31,0.884
infiniti,qx80,98.0,-0.1208979220170405,1208.98,0.181
jaguar,e-pace p250 se sport,174.0,-0.48105758944980864,4810.58,0.263
jaguar,e-pace p250 sport utility,87.0,28.126822157434393,-281268.22,-inf
jaguar,e-pace p300 r-dynamic se,114.0,-0.7269880326585403,7269.88,1.0
jaguar,xe 25t premium sedan 4d,53.0,-0.1328607640681646,1328.61,0.925
jaguar,xf,50.0,-0.19491284037966902,1949.13,0.478
jaguar,xf 20d premium sedan 4d,131.0,-0.25188802525821835,2518.88,0.716
jeep,cherokee,708.0,-0.08083020786066647,808.3,0.425
jeep,cherokee latitude,56.0,-0.03891156046856057,389.12,0.078
jeep,commander,93.0,-0.009460333457201296,94.6,0.029
jeep,compass,448.0,-0.11599640847630269,1159.96,0.568
jeep,compass sport,50.0,-0.1134938947637513,1134.94,0.563
jeep,gladiator,156.0,-0.19521529053845962,1952.15,0.094
jeep,grand cherokee,1696.0,-0.10366050390105203,1036.61,0.343
jeep,grand cherokee laredo,208.0,-0.07367769761822351,736.78,0.394
jeep,grand cherokee laredo 4x4,81.0,-0.1401246978908843,1401.25,0.649
jeep,grand cherokee laredo sport,142.0,-0.1878327959185929,1878.33,0.558
jeep,grand cherokee limited,164.0,-0.14865580027539074,1486.56,0.688
jeep,grand cherokee limited 4x4,112.0,-0.19208259830288427,1920.83,0.798
jeep,grand cherokee trailhawk,82.0,-0.26800076381623866,2680.01,0.757
jeep,liberty,479.0,-0.008121295160779576,81.21,0.068
jeep,liberty sport,54.0,-0.0443546944940585,443.55,0.456
jeep,patriot,440.0,-0.034832439982513216,348.32,0.193
jeep,patriot sport,66.0,-0.047648524518494634,476.49,0.16
jeep,renegade,347.0,-0.06557876448576426,655.79,0.055
jeep,renegade latitude,50.0,-0.08272143300249511,827.21,0.39
jeep,renegade sport suv 4d,104.0,-0.1618883493943514,1618.88,0.747
jeep,wrangler,1740.0,-0.1332396700560652,1332.4,0.337
jeep,wrangler jk unlimited,51.0,-0.17874414722847132,1787.44,0.5
jeep,wrangler rubicon,60.0,-0.10294015093040497,1029.4,0.414
jeep,wrangler rubicon sport,86.0,-0.13418043428862414,1341.8,0.847
jeep,wrangler sahara,53.0,-0.14967665296047716,1496.77,0.623
jeep,wrangler sport,103.0,-0.09450666200242666,945.07,0.43
jeep,wrangler sport s utility 2d,71.0,-0.08534214931463643,853.42,0.444
jeep,wrangler sport suv 2d,383.0,-0.1800521332061193,1800.52,0.859
jeep,wrangler unlimi,67.0,-0.15824151366079164,1582.42,0.74
jeep,wrangler unlimited,789.0,-0.17374840452037033,1737.48,0.441
jeep,wrangler unlimited all new,303.0,0.09863366804363669,-986.34,0.083
jeep,wrangler unlimited rubicon,295.0,-0.178954483871747,1789.54,0.32
jeep,wrangler unlimited sahara,336.0,-0.16472235015658265,1647.22,0.423
jeep,wrangler unlimited sport,497.0,-0.13775034177890474,1377.5,0.613
jeep,wrangler unlimited sport s,80.0,-0.22443525743483939,2244.35,0.184
jeep,wrangler unlimited willys,72.0,-0.15119220391054464,1511.92,0.734
kia,forte,354.0,-0.03688218644424955,368.82,0.299
kia,forte koup ex coupe 2d,129.0,0.9636435823265832,-9636.44,-inf
kia,forte lx,67.0,-0.03208956607290816,320.9,0.097
kia,niro lx wagon 4d,70.0,0.022696270731620394,-226.96,0.023
kia,optima,595.0,-0.06497397666593044,649.74,0.265
kia,optima ex,55.0,-0.07485565682077247,748.56,0.217
kia,optima lx,135.0,-0.0751796788942822,751.8,0.503
kia,rio,156.0,-0.06889507268064186,688.95,0.597
kia,rio lx,54.0,-0.038607347209932585,386.07,0.263
kia,sedona,115.0,-0.1019461131571081,1019.46,0.604
kia,sedona lx,50.0,-0.11307951304199483,1130.8,0.797
kia,sorento,461.0,-0.04682492166795896,468.25,0.278
kia,sorento lx,86.0,-0.10277972619533653,1027.8,0.562
kia,sorento lx sport utility 4d,79.0,-0.09047905135809167,904.79,0.574
kia,soul,765.0,-0.07360607705091918,736.06,0.518
kia,soul ! wagon 4d,82.0,-0.0633195162365032,633.2,0.74
kia,soul +,102.0,-0.05961779782242953,596.18,0.539
kia,soul s wagon 4d,104.0,-0.08691465685398903,869.15,0.517
kia,soul wagon 4d,140.0,-0.036951255782949166,369.51,0.124
kia,sportage,290.0,-0.10673722331973753,1067.37,0.614
kia,sportage lx,71.0,-0.09013928498948988,901.39,0.516
kia,sportage lx sport utility 4d,79.0,-0.0967571215402525,967.57,0.71
lexus,ct 200h hatchback 4d,92.0,-0.06691594148669217,669.16,0.786
lexus,es,153.0,-0.13546165431301324,1354.62,0.544
lexus,es 300,74.0,-0.02427326207570109,242.73,0.233
lexus,es 350,343.0,-0.1296693005594401,1296.69,0.614
lexus,es 350 sedan 4d,179.0,-0.1603169693166073,1603.17,0.585
lexus,es350,57.0,-0.0254760339893965,254.76,0.056
lexus,gs,68.0,-0.12868380126630402,1286.84,0.587
lexus,gs 300,52.0,-0.0636503100115358,636.5,0.764
lexus,gs 350,98.0,-0.09319715403578162,931.97,0.421
lexus,gs 350 sedan 4d,220.0,-0.2065882904617969,2065.88,0.657
lexus,gx 460,64.0,-0.20117141487114815,2011.71,0.766
lexus,gx 460 sport utility 4d,59.0,-0.19889877131968656,1988.99,0.895
lexus,gx 470,73.0,-0.07011365270251657,701.14,0.213
lexus,is,175.0,-0.1049516069829271,1049.52,0.365
lexus,is 250,144.0,-0.10107814025052496,1010.78,0.525
lexus,is 350 sedan 4d,129.0,-0.1926656254811849,1926.66,0.483
lexus,ls 460,66.0,-0.09504251043730634,950.43,0.271
lexus,ls 460 sedan 4d,335.0,-0.11359048898030577,1135.9,0.591
lexus,lx 470,57.0,-0.13501371248651414,1350.14,0.338
lexus,nx 200t sport utility 4d,107.0,-0.07630107255745829,763.01,0.775
lexus,nx 300 sport utility 4d,222.0,-0.22718776030301707,2271.88,0.592
lexus,nx 300h sport utility 4d,120.0,-0.1547124530338952,1547.12,0.855
lexus,rx,188.0,-0.12191968346745093,1219.2,0.328
lexus,rx 330,96.0,-0.002416445019125732,24.16,0.018
lexus,rx 350,392.0,-0.1454634031159022,1454.63,0.596
lexus,rx 350 sport utility 4d,207.0,-0.22105902297725047,2210.59,0.775
lexus,rx 350l sport utility 4d,74.0,-0.20178822870830299,2017.88,0.515
lexus,rx 450h,62.0,-0.253714103548274,2537.14,0.662
lexus,rx350,64.0,-0.16508816955991498,1650.88,0.68
lincoln,continental,59.0,-0.09937052728436653,993.71,0.147
lincoln,continental reserve,129.0,-0.19405030994015618,1940.5,0.882
lincoln,continental sedan 4d,57.0,-0.2808389697660218,2808.39,0.881
lincoln,continental select sedan,96.0,-0.023012607892683862,230.13,0.023
lincoln,corsair reserve sport,79.0,-0.544674751948098,5446.75,0.673
lincoln,corsair sport utility 4d,87.0,0.08009918733205851,-800.99,0.013
lincoln,mkc,90.0,-0.1159781079589537,1159.78,0.514
lincoln,mks,78.0,-0.06710309373262832,671.03,0.301
lincoln,mkx,214.0,-0.09091437799219249,909.14,0.37
lincoln,mkx reserve sport,141.0,-0.1200633353088246,1200.63,0.489
lincoln,mkx select sport utility,60.0,-0.043642990358189596,436.43,0.065
lincoln,mkz,254.0,-0.04086643640329565,408.66,0.244
lincoln,mkz hybrid reserve ii,52.0,4.2709481808158785,-42709.48,-inf
lincoln,mkz reserve sedan 4d,91.0,-0.10251067575394304,1025.11,0.421
lincoln,mkz sedan 4d,166.0,-0.2415726780646776,2415.73,0.865
lincoln,mkz select sedan 4d,105.0,-0.07838914982982131,783.89,0.42
lincoln,navigator,169.0,-0.18848312737246822,1884.83,0.432
lincoln,navigator l select sport,105.0,-0.14118199090333733,1411.82,0.907
lincoln,town car,212.0,-0.009557374837816743,95.57,0.118
mazda,3,276.0,-0.05463819148993031,546.38,0.424
mazda,5,56.0,-0.036826624738810765,368.27,0.289
mazda,6,105.0,-0.061696058300318206,616.96,0.445
mazda,cx-5,235.0,-0.09901916275430706,990.19,0.361
mazda,cx-7,68.0,0.002945511958499603,-29.46,0.034
mazda,cx-9,180.0,-0.11215668088404065,1121.57,0.601
mazda,mazda3,360.0,-0.04556019826034687,455.6,0.312
mazda,mazda3 touring 2.5,55.0,-0.05839984426708157,584.0,1.0
mazda,mazda6,205.0,-0.07912891080437036,791.29,0.495
mazda,miata,59.0,-0.009203328392984012,92.03,0.084
mazda,mx-5 miata,104.0,-0.14031313537314605,1403.13,0.757
mazda,mx-5 miata club,222.0,-0.24378076903123702,2437.81,0.881
mazda,mx-5 miata grand touring,487.0,-0.1967722967279207,1967.72,0.652
mazda,mx-5 miata rf grand,89.0,-0.1993962356414386,1993.96,0.341
mazda,tribute,51.0,-0.003267683297182596,32.68,0.18
mercedes-benz,benz,107.0,-0.12701345037990808,1270.13,0.205
mercedes-benz,benz c300,103.0,-0.11616777398808857,1161.68,0.341
mercedes-benz,benz e320,54.0,-0.030390642261648754,303.91,0.317
mercedes-benz,benz e350,131.0,-0.012027683999767643,120.28,0.079
mercedes-benz,benz ml350,64.0,-0.098332203196174,983.32,0.38
mercedes-benz,c-class,794.0,-0.16486655436592376,1648.67,0.396
mercedes-benz,c-class c 300,114.0,-0.3226818127032386,3226.82,0.448
mercedes-benz,c-class c 63 amg,58.0,-0.16749130466159035,1674.91,0.974
mercedes-benz,cla,70.0,-0.16079816745969427,1607.98,0.472
mercedes-benz,cla-class,83.0,-0.05026235373459604,502.62,0.052
mercedes-benz,cls,56.0,-0.3319233108869559,3319.23,0.708
mercedes-benz,cls-class,90.0,-0.36371009369266666,3637.1,0.75
mercedes-benz,e-class,557.0,-0.20403212835054557,2040.32,0.463
mercedes-benz,e-class e 300,65.0,-0.15141703992074126,1514.17,0.633
mercedes-benz,e-class e 350,76.0,-0.3619916097717348,3619.92,0.717
mercedes-benz,e-class e 400,54.0,-0.36795718645150693,3679.57,0.171
mercedes-benz,e-class e 550,64.0,-0.19157697456986475,1915.77,0.426
mercedes-benz,e-class e 63 amg,78.0,-0.28468873700478137,2846.89,0.894
mercedes-benz,gl-class,166.0,-0.1412412185969959,1412.41,0.393
mercedes-benz,gla-class gla 45,156.0,0.9361983281146771,-9361.98,-inf
mercedes-benz,glc,57.0,-0.06180928239897522,618.09,0.032
mercedes-benz,glk,78.0,-0.135932560883093,1359.33,0.458
mercedes-benz,glk-class,59.0,-0.09266334194612627,926.63,0.626
mercedes-benz,gls 450 4matic,84.0,-0.48167138388586356,4816.71,0.827
mercedes-benz,m-class,176.0,-0.09553426290437658,955.34,0.278
mercedes-benz,m-class ml 350,54.0,-0.16329413484092176,1632.94,0.857
mercedes-benz,mercedes-amg,82.0,-0.08527286556186978,852.73,0.116
mercedes-benz,mercedes-amg cla,60.0,-0.30634497495681506,3063.45,0.908
mercedes-benz,metris passenger,104.0,-0.1829195951886777,1829.2,0.605
mercedes-benz,s-class,269.0,-0.5029115970641015,5029.12,0.5
mercedes-benz,s-class s 550,57.0,-0.30790985947629496,3079.1,0.401
mercedes-benz,sl-class,76.0,-0.21824708966462728,2182.47,0.475
mercedes-benz,sl-class sl 550,85.0,-0.2756144935030043,2756.14,0.407
mercedes-benz,sprinter,52.0,-0.21609942592254844,2160.99,0.293
mercury,grand marquis,195.0,-0.015741848987742814,157.42,0.1
mercury,mariner,81.0,-0.0268581170416405,268.58,0.272
mercury,milan,52.0,-0.013114807558312774,131.15,0.14
mercury,mountaineer,71.0,-0.013074209151650452,130.74,0.068
mercury,sable,77.0,-0.010556055289177824,105.56,0.129
mini,convertible cooper s 2d,107.0,-0.25081317135669073,2508.13,0.392
mini,cooper,187.0,-0.06683343062285416,668.33,0.369
mini,cooper clubman,66.0,-0.10187538752994754,1018.75,0.45
mini,cooper countryman,111.0,-0.11490873741932972,1149.09,0.481
mini,cooper hardtop,109.0,-0.0447955910845593,447.96,0.213
mini,cooper s,167.0,-0.02029981507891133,203.0,0.122
mini,countryman,116.0,-0.14016266157764895,1401.63,0.529
mini,countryman cooper se all4,101.0,-0.6922981827172708,6922.98,1.0
mini,hardtop,57.0,-0.07454802696176387,745.48,0.793
mini,hardtop 2 door cooper s,77.0,-0.13659219143358134,1365.92,0.609
mini,hardtop 2 door john cooper,72.0,-0.38039829939583863,3803.98,1.0
mini,hardtop cooper s hatchback,68.0,-0.09819744594265142,981.97,0.87
mitsubishi,eclipse,108.0,-0.03464792309130438,346.48,0.376
mitsubishi,eclipse cross es,65.0,-0.2338932441055845,2338.93,0.211
mitsubishi,fuso fe145,55.0,-0.038486702844167435,384.87,1.0
mitsubishi,galant,66.0,-0.011175759133463926,111.76,0.099
mitsubishi,lancer,135.0,-0.07854893962002403,785.49,0.185
mitsubishi,mirage,62.0,-0.04396023406827569,439.6,0.338
mitsubishi,outlander,173.0,-0.08141352779657776,814.14,0.647
mitsubishi,outlander es sport,88.0,-0.08809650317458581,880.97,0.604
mitsubishi,outlander gt sport,75.0,-0.14899586163999307,1489.96,0.546
mitsubishi,outlander phev gt,55.0,-0.08629080669356047,862.91,0.536
mitsubishi,outlander phev sel,161.0,-0.212422343008813,2124.22,0.719
mitsubishi,outlander se sport,96.0,-0.09004162025940944,900.42,0.405
mitsubishi,outlander sport,162.0,-0.07487524171269376,748.75,0.639
mitsubishi,outlander sport es,246.0,-0.1165018206906612,1165.02,0.715
nissan,350z,57.0,-0.04692315464938799,469.23,0.135
nissan,370z,63.0,-0.12164744196836506,1216.47,0.516
nissan,370z coupe 2d,57.0,-0.17384106704603136,1738.41,0.628
nissan,370z nismo coupe 2d,200.0,6.249999999999957,-62500.0,1.0
nissan,altima,1702.0,-0.03833064092031221,383.31,0.256
nissan,altima 2.5 s,229.0,-0.06971205595439466,697.12,0.461
nissan,altima 2.5 sl,56.0,-0.06888047487563663,688.8,0.286
nissan,altima s,64.0,-0.05248020586886158,524.8,0.389
nissan,armada,191.0,-0.14169340504794317,1416.93,0.582
nissan,cube,75.0,-0.027437043101283625,274.37,0.257
nissan,frontier,403.0,-0.08674508516738905,867.45,0.529
nissan,frontier crew cab pro-4x,190.0,-0.16579749318359246,1657.97,0.578
nissan,frontier crew cab sv,127.0,-0.10099129863301212,1009.91,0.795
nissan,frontier king cab s,53.0,-0.13919459891195587,1391.95,0.759
nissan,frontier king cab sv,106.0,0.022072032750850915,-220.72,0.081
nissan,juke,126.0,-0.0667122987535204,667.12,0.248
nissan,leaf,111.0,-0.14875874227828262,1487.59,0.408
nissan,leaf s hatchback 4d,81.0,-0.17712456814803657,1771.25,0.651
nissan,maxima,433.0,-0.06964826605572288,696.48,0.372
nissan,murano,483.0,-0.11648027807434401,1164.8,0.531
nissan,murano s,51.0,-0.08692136192152108,869.21,0.503
nissan,nv200,73.0,-0.07473764814476935,747.38,0.679
nissan,pathfinder,484.0,-0.11796412530933678,1179.64,0.631
nissan,quest,94.0,-0.03939081236151211,393.91,0.199
nissan,rogue,873.0,-0.09686945424466697,968.69,0.319
nissan,rogue s,83.0,-0.09874541582768481,987.45,0.525
nissan,rogue select,57.0,-0.07154851130837346,715.49,0.452
nissan,rogue sl,52.0,-0.0565285044523867,565.29,0.126
nissan,rogue sport,62.0,-0.03816016456688193,381.6,0.01
nissan,rogue sv,112.0,-0.09403001785210993,940.3,0.324
nissan,sentra,822.0,-0.0541580460792774,541.58,0.385
nissan,sentra s,108.0,-0.0787297138960687,787.3,0.545
nissan,sentra s sedan 4d,83.0,-0.1069926584710949,1069.93,0.911
nissan,sentra sv,108.0,-0.05579623403930532,557.96,0.274
nissan,titan,355.0,-0.1237497940289762,1237.5,0.446
nissan,titan crew cab sv pickup,64.0,-0.23805267663905613,2380.53,0.448
nissan,titan single cab sv,106.0,0.6529575420345959,-6529.58,-inf
nissan,titan xd crew cab sv,85.0,2.0094166842878503e-15,-0.0,-inf
nissan,versa,449.0,-0.047393693778471926,473.94,0.466
nissan,versa note,86.0,-0.04595562445204442,459.56,0.492
nissan,versa sv,66.0,-0.06846387279511022,684.64,0.626
nissan,xterra,254.0,-0.07092831199317522,709.28,0.364
pontiac,firebird,81.0,-0.09567554351899485,956.76,0.175
pontiac,g6,228.0,-0.006421434919513198,64.21,0.078
pontiac,grand prix,147.0,-0.03317554916511714,331.76,0.148
pontiac,solstice,56.0,-0.07033752758235079,703.38,0.694
pontiac,vibe,116.0,-0.0012929873069233732,12.93,0.021
porsche,911,50.0,-1.2237311881870117,12237.31,0.596
porsche,boxster,99.0,-0.18248394841156787,1824.84,0.346
porsche,cayenne,179.0,-0.29909221967168476,2990.92,0.567
porsche,macan,61.0,-0.449872650551161,4498.73,0.289
porsche,panamera,57.0,-0.4283873247513446,4283.87,0.605
ram,1500,2761.0,-0.16603371238956072,1660.34,0.451
ram,1500 4x4,123.0,-0.12175355031552773,1217.54,0.468
ram,1500 big horn,62.0,-0.2186389211263793,2186.39,0.622
ram,1500 classic,114.0,-0.028693453780335505,286.93,0.003
ram,1500 classic regular cab,383.0,-0.011213100053004068,112.13,0.005
ram,1500 crew cab,138.0,-0.15409726938989649,1540.97,0.62
ram,1500 crew cab big horn,635.0,-0.09129306042099403,912.93,0.114
ram,1500 crew cab laramie pickup,81.0,-0.19454999193852288,1945.5,0.612
ram,1500 crew cab tradesman,70.0,-0.19497226284880087,1949.72,0.935
ram,1500 laramie,62.0,-0.049582551036604396,495.83,0.227
ram,1500 laramie 4x4 gas,89.0,-0.2599313276394873,2599.31,0.647
ram,1500 quad cab,94.0,-0.12282196102616073,1228.22,0.549
ram,1500 quad cab express pickup,93.0,-0.2278192690657686,2278.19,0.055
ram,1500 quad cab harvest pickup,174.0,0.39169604386996165,-3916.96,1.0
ram,1500 regular cab tradesman,117.0,-0.3247471382483017,3247.47,0.428
ram,1500 slt,93.0,-0.12281391477274199,1228.14,0.529
ram,1500 sport 4x4 1/2 ton,120.0,-0.13734895461952484,1373.49,0.622
ram,2500,1611.0,-0.142810567462911,1428.11,0.32
ram,2500 crew cab,105.0,-0.11007164342025934,1100.72,0.441
ram,2500 laramie,55.0,-0.13651319224978256,1365.13,0.501
ram,3500,863.0,-0.0954018936891166,954.02,0.282
ram,3500 mega cab,50.0,-0.01307640195691017,130.76,0.005
ram,5500,89.0,-0.09484441977492868,948.44,0.289
ram,pickup 1500,228.0,-0.19507025667683314,1950.7,0.568
ram,pickup 1500 classic,53.0,0.14032828181356882,-1403.28,0.294
ram,pickup 2500,91.0,-0.164618492201998,1646.18,0.676
ram,promaster 1500,62.0,-0.10055019485201777,1005.5,0.145
ram,promaster city,62.0,-0.11137146400878502,1113.71,0.687
rover,discovery sport,107.0,-0.2028810380505835,2028.81,0.643
rover,discovery sport hse,57.0,-0.18132709565459237,1813.27,0.523
rover,evoque,147.0,-0.2036911368331027,2036.91,0.35
rover,lr4,73.0,-0.2339427603334396,2339.43,0.663
rover,range evoque p250 se,58.0,-0.14622891063840515,1462.29,0.38
rover,sport,279.0,-0.4135644374289942,4135.64,0.456
saturn,aura,60.0,-0.03523209799563729,352.32,0.246
saturn,ion,74.0,-0.012320035993913032,123.2,0.328
saturn,vue,159.0,-0.013640785825945446,136.41,0.111
subaru,brz limited coupe 2d,83.0,-0.1274068341890145,1274.07,0.972
subaru,crosstrek,172.0,-0.09075550130474365,907.56,0.266
subaru,crosstrek 2.0i premium,64.0,-0.11958555785516771,1195.86,0.244
subaru,forester,899.0,-0.004442518249616765,44.43,0.035
subaru,forester 2.5i premium,115.0,-0.10500294995220188,1050.03,0.551
subaru,forester 2.5x,51.0,-0.03145016465114257,314.5,0.22
subaru,impreza,683.0,-0.07895604753845742,789.56,0.501
subaru,impreza wagon,58.0,-0.07538528076907643,753.85,0.4
subaru,impreza wrx,68.0,-0.08628573656943894,862.86,0.545
subaru,legacy,465.0,-0.06941638486319875,694.16,0.487
subaru,legacy 2.5i premium sedan,58.0,-0.06617859902731055,661.79,0.696
subaru,outback,1017.0,-0.10242912505884504,1024.29,0.589
subaru,outback 2.5i limited,101.0,-0.13535042541292003,1353.5,0.822
subaru,outback 2.5i premium,69.0,-0.09151410427902201,915.14,0.465
subaru,wrx,252.0,-0.12244205686280664,1224.42,0.132
subaru,wrx sedan 4d,50.0,-0.12854216101524502,1285.42,0.77
subaru,wrx sti,69.0,-0.023362757135663447,233.63,0.004
subaru,wrx sti sedan 4d,114.0,-0.17947274631453636,1794.73,0.804
subaru,xv crosstrek,95.0,-0.037890110952210065,378.9,0.213
subaru,xv crosstrek premium,72.0,-0.07265430762646531,726.54,0.882
tesla,model 3 standard range,275.0,-0.11285294988509369,1128.53,0.481
tesla,model s,89.0,-0.3099665270050711,3099.67,0.179
tesla,model s signature,126.0,0.45966444495518183,-4596.64,1.0
toyota,4-runner,108.0,-0.165594027027089,1655.94,0.712
toyota,4runner,711.0,-0.13830998381298196,1383.1,0.648
toyota,4runner limited,75.0,-0.10982464602026096,1098.25,0.416
toyota,4runner limited sport,142.0,-0.10193828967622874,1019.38,0.62
toyota,4runner sr5,149.0,-0.08476155263791112,847.62,0.433
toyota,4runner sr5 sport utility,398.0,-0.15122823926926562,1512.28,0.823
toyota,avalon,271.0,-0.08397583500318445,839.76,0.538
toyota,avalon limited,57.0,-0.07966300214502307,796.63,0.444
toyota,avalon xls,50.0,-0.030948530730895638,309.49,0.447
toyota,camry,2086.0,-0.06439768350623977,643.98,0.434
toyota,camry hybrid,84.0,-0.05051114632621834,505.11,0.468
toyota,camry le,369.0,-0.05161709453014587,516.17,0.309
toyota,camry le sedan 4d,171.0,-0.07910068897593833,791.01,0.564
toyota,camry se,182.0,-0.06901611253122526,690.16,0.392
toyota,camry solara,54.0,-0.025617486752683393,256.17,0.243
toyota,camry xle,118.0,-0.03481879904679198,348.19,0.161
toyota,corolla,1483.0,-0.0706802645150189,706.8,0.539
toyota,corolla ce,63.0,-0.021203430254809752,212.03,0.245
toyota,corolla im hatchback 4d,51.0,-0.0603550885867032,603.55,0.087
toyota,corolla le,264.0,-0.07219530538775573,721.95,0.533
toyota,corolla le sedan 4d,113.0,-0.108902973517479,1089.03,0.9
toyota,corolla s,98.0,-0.043188630261287796,431.89,0.226
toyota,fj cruiser,186.0,-0.12414644400900841,1241.46,0.483
toyota,highlander,752.0,-0.13666898329798877,1366.69,0.696
toyota,highlander limited,84.0,-0.011289654288855012,112.9,0.087
toyota,land cruiser,132.0,-0.0587714560486179,587.71,0.133
toyota,matrix,106.0,-0.02573004950433406,257.3,0.386
toyota,pickup,50.0,-0.0442287881386231,442.29,0.256
toyota,prius,930.0,-0.061979186474353604,619.79,0.48
toyota,prius c,70.0,-0.05400300202860874,540.03,0.461
toyota,prius hybrid,105.0,-0.056284011377132376,562.84,0.53
toyota,prius v,106.0,-0.04916935803077613,491.69,0.251
toyota,rav4,1201.0,-0.10556799717683138,1055.68,0.59
toyota,rav4 awd,51.0,-0.08150168127659277,815.02,0.593
toyota,rav4 limited,58.0,-0.04555699922847696,455.57,0.193
toyota,rav4 xle,52.0,-0.05355585997070897,535.56,0.135
toyota,sequoia,182.0,-0.1133544130626774,1133.54,0.368
toyota,sienna,785.0,-0.12376340906945689,1237.63,0.531
toyota,sienna le,153.0,-0.13115361796552363,1311.54,0.582
toyota,sienna xle,117.0,-0.12696606141279113,1269.66,0.509
toyota,tacoma,1881.0,-0.11748399200321373,1174.84,0.564
toyota,tacoma 4x4,71.0,-0.07626691773589343,762.67,0.394
toyota,tacoma access cab,91.0,-0.08626002575454829,862.6,0.781
toyota,tacoma access cab pickup,473.0,-0.11754621163029398,1175.46,0.484
toyota,tacoma access cab sr,149.0,-0.10012116981592258,1001.21,0.409
toyota,tacoma access cab sr5,243.0,-0.044501318607852204,445.01,0.218
toyota,tacoma access cab trd,87.0,-0.044989550104500176,449.9,1.0
toyota,tacoma double cab,178.0,-0.09013596202393122,901.36,0.356
toyota,tacoma double cab pickup,252.0,-0.1028738428208189,1028.74,0.972
toyota,tacoma double cab sr5,58.0,-0.09393273782390585,939.33,0.603
toyota,tacoma double cab trd,125.0,-0.12207467169840605,1220.75,0.743
toyota,tacoma prerunner,50.0,-0.061350558932637966,613.51,0.388
toyota,tacoma sr5,50.0,-0.11920088028387443,1192.01,0.707
toyota,tundra,1012.0,-0.14576818664707264,1457.68,0.571
toyota,tundra 4wd truck,93.0,-0.11218344908199651,1121.83,0.451
toyota,tundra crewmax,52.0,-0.16600561917800188,1660.06,0.855
toyota,tundra crewmax limited,54.0,-0.18466391229746393,1846.64,0.709
toyota,tundra crewmax pickup 4d,60.0,-0.09834775767112292,983.48,1.0
toyota,tundra crewmax sr5 pickup,301.0,-0.15841183247589694,1584.12,0.785
toyota,tundra double cab sr,328.0,-0.21594064166220087,2159.41,0.602
toyota,tundra double cab sr5,78.0,-0.15471764824752368,1547.18,0.918
toyota,tundra sr5,100.0,-0.10199655765786622,1019.97,0.458
toyota,venza,129.0,-0.005252279833075503,52.52,0.06
toyota,yaris,159.0,-0.031159487637670843,311.59,0.345
volkswagen,atlas,67.0,0.27089270379480596,-2708.93,0.13
volkswagen,atlas s 4motion sport,70.0,0.13174976135576544,-1317.5,0.279
volkswagen,atlas se 4motion,65.0,-0.09617874865979888,961.79,0.973
volkswagen,beetle,265.0,-0.0010994102268319613,10.99,0.012
volkswagen,beetle 1.8t fleet,199.0,0.4184216499785622,-4184.22,-inf
volkswagen,cc,128.0,-0.054570958754765655,545.71,0.292
volkswagen,eos komfort,103.0,-0.14440673213120941,1444.07,0.625
volkswagen,eos sport convertible,88.0,0.822836914464477,-8228.37,-inf
volkswagen,golf,113.0,-0.07448659399764194,744.87,0.579
volkswagen,golf 1.4t tsi,53.0,8.743538767395629,-87435.39,-inf
volkswagen,golf alltrack tsi s,53.0,-0.16238104986572863,1623.81,0.77
volkswagen,golf gti,97.0,0.024526196928378954,-245.26,0.005
volkswagen,golf gti s hatchback,163.0,-0.17628649404337854,1762.86,0.874
volkswagen,golf gti se hatchback,59.0,-0.20450727973677948,2045.07,0.786
volkswagen,golf sportwagen tsi s,65.0,-0.14116190796660272,1411.62,0.849
volkswagen,golf tdi sel,87.0,-0.08486111701901396,848.61,1.0
volkswagen,gti,150.0,-0.08902648379605674,890.26,0.602
volkswagen,jetta,900.0,-0.02916660485970987,291.67,0.146
volkswagen,jetta 1.4t s sedan 4d,184.0,-0.04878069586259224,487.81,0.331
volkswagen,jetta 1.4t sel,87.0,0.11662767719970261,-1166.28,0.052
volkswagen,jetta se,67.0,-0.012388836817481718,123.89,0.122
volkswagen,jetta sedan,81.0,-0.05968216485686974,596.82,0.612
volkswagen,jetta sportwagen 2.0l,84.0,-0.04497738215518856,449.77,0.432
volkswagen,jetta tdi,50.0,-0.043570686816197246,435.71,0.616
volkswagen,new beetle,61.0,-0.020787421935171732,207.87,0.146
volkswagen,passat,562.0,-0.05820652390286701,582.07,0.288
volkswagen,rabbit,74.0,-0.018452115545773903,184.52,0.176
volkswagen,tiguan,401.0,-0.05142939226056769,514.29,0.076
volkswagen,touareg,66.0,-0.11451921655458891,1145.19,0.263
volvo,certified,64.0,-0.8722488201706707,8722.49,0.969
volvo,s40,64.0,-0.026805762183780273,268.06,0.161
volvo,s60,192.0,-0.11608578208559972,1160.86,0.231
volvo,s60 t5 momentum sedan 4d,55.0,-0.2891559535307525,2891.56,0.45
volvo,s60 t5 premier sedan 4d,76.0,-0.07763524078695658,776.35,0.886
volvo,s60 t6 inscription sedan,66.0,-0.26759432700027147,2675.94,1.0
volvo,s60 t6 r-design sedan 4d,133.0,-0.004238242413455596,42.38,0.0
volvo,s80,76.0,-0.028458119807374574,284.58,0.259
volvo,s90 t5 momentum sedan 4d,105.0,0.018700379381042128,-187.0,0.028
volvo,xc60,163.0,-0.26519605482756625,2651.96,0.694
volvo,xc70,73.0,-0.0952686073632367,952.69,0.625
volvo,xc90,212.0,-0.1325126761227545,1325.13,0.338
